insert into product_category (name) values ('baby');
insert into product_category (name) values ('kitchen');
insert into product_category (name) values ('toiletry');

insert into product_catalog (name, price) values ('Poaceae', 53);
insert into product_catalog (name, price) values ('Sapotaceae', 2);
insert into product_catalog (name, price) values ('Rosaceae', 48);
insert into product_catalog (name, price) values ('Brassicaceae', 12);
insert into product_catalog (name, price) values ('Poaceae', 44);
insert into product_catalog (name, price) values ('Asteraceae', 67);
insert into product_catalog (name, price) values ('Scrophulariaceae', 62);
insert into product_catalog (name, price) values ('Boraginaceae', 87);
insert into product_catalog (name, price) values ('Fagaceae', 10);
insert into product_catalog (name, price) values ('Rosaceae', 4);
insert into product_catalog (name, price) values ('Asteraceae', 38);
insert into product_catalog (name, price) values ('Convolvulaceae', 6);
insert into product_catalog (name, price) values ('Geraniaceae', 70);
insert into product_catalog (name, price) values ('Orthotrichaceae', 23);
insert into product_catalog (name, price) values ('Lamiaceae', 20);
insert into product_catalog (name, price) values ('Brassicaceae', 82);
insert into product_catalog (name, price) values ('Iridaceae', 63);
insert into product_catalog (name, price) values ('Onagraceae', 91);
insert into product_catalog (name, price) values ('Asteraceae', 13);
insert into product_catalog (name, price) values ('Fabaceae', 61);
insert into product_catalog (name, price) values ('Aspleniaceae', 22);
insert into product_catalog (name, price) values ('Asteraceae', 46);
insert into product_catalog (name, price) values ('Solanaceae', 19);
insert into product_catalog (name, price) values ('Fabaceae', 91);
insert into product_catalog (name, price) values ('Sterculiaceae', 39);
insert into product_catalog (name, price) values ('Chenopodiaceae', 56);
insert into product_catalog (name, price) values ('Fabaceae', 77);
insert into product_catalog (name, price) values ('Poaceae', 95);
insert into product_catalog (name, price) values ('Poaceae', 47);
insert into product_catalog (name, price) values ('Fabaceae', 18);
insert into product_catalog (name, price) values ('Rosaceae', 10);
insert into product_catalog (name, price) values ('Iridaceae', 48);
insert into product_catalog (name, price) values ('Gentianaceae', 58);
insert into product_catalog (name, price) values ('Catoscopiaceae', 57);
insert into product_catalog (name, price) values ('Funariaceae', 93);
insert into product_catalog (name, price) values ('Aspleniaceae', 54);
insert into product_catalog (name, price) values ('Poaceae', 54);
insert into product_catalog (name, price) values ('Amblystegiaceae', 18);
insert into product_catalog (name, price) values ('Lamiaceae', 81);
insert into product_catalog (name, price) values ('Orchidaceae', 36);
insert into product_catalog (name, price) values ('Theliaceae', 84);
insert into product_catalog (name, price) values ('Fabaceae', 45);
insert into product_catalog (name, price) values ('Solanaceae', 9);
insert into product_catalog (name, price) values ('Salicaceae', 56);
insert into product_catalog (name, price) values ('Lamiaceae', 66);
insert into product_catalog (name, price) values ('Polygalaceae', 33);
insert into product_catalog (name, price) values ('Fabaceae', 10);
insert into product_catalog (name, price) values ('Porpidiaceae', 43);
insert into product_catalog (name, price) values ('Fabaceae', 89);
insert into product_catalog (name, price) values ('Poaceae', 9);
insert into product_catalog (name, price) values ('Scrophulariaceae', 88);
insert into product_catalog (name, price) values ('Rosaceae', 22);
insert into product_catalog (name, price) values ('Violaceae', 100);
insert into product_catalog (name, price) values ('Asteraceae', 51);
insert into product_catalog (name, price) values ('Cyperaceae', 67);
insert into product_catalog (name, price) values ('Boraginaceae', 17);
insert into product_catalog (name, price) values ('Dicranaceae', 54);
insert into product_catalog (name, price) values ('Amaranthaceae', 51);
insert into product_catalog (name, price) values ('Asteraceae', 73);
insert into product_catalog (name, price) values ('Dryopteridaceae', 43);
insert into product_catalog (name, price) values ('Microcaliciaceae', 11);
insert into product_catalog (name, price) values ('Piperaceae', 95);
insert into product_catalog (name, price) values ('Pteridaceae', 91);
insert into product_catalog (name, price) values ('Fabaceae', 80);
insert into product_catalog (name, price) values ('Berberidaceae', 23);
insert into product_catalog (name, price) values ('Euphorbiaceae', 90);
insert into product_catalog (name, price) values ('Ericaceae', 89);
insert into product_catalog (name, price) values ('Chenopodiaceae', 58);
insert into product_catalog (name, price) values ('Santalaceae', 93);
insert into product_catalog (name, price) values ('Asteraceae', 59);
insert into product_catalog (name, price) values ('Asteraceae', 12);
insert into product_catalog (name, price) values ('Cyperaceae', 82);
insert into product_catalog (name, price) values ('Asteraceae', 48);
insert into product_catalog (name, price) values ('Fabaceae', 98);
insert into product_catalog (name, price) values ('Parmeliaceae', 76);
insert into product_catalog (name, price) values ('Asteraceae', 48);
insert into product_catalog (name, price) values ('Fabaceae', 29);
insert into product_catalog (name, price) values ('Pottiaceae', 98);
insert into product_catalog (name, price) values ('Cupressaceae', 54);
insert into product_catalog (name, price) values ('Bartramiaceae', 83);
insert into product_catalog (name, price) values ('Fabaceae', 20);
insert into product_catalog (name, price) values ('Bignoniaceae', 35);
insert into product_catalog (name, price) values ('Ranunculaceae', 80);
insert into product_catalog (name, price) values ('Rosaceae', 13);
insert into product_catalog (name, price) values ('Peltulaceae', 69);
insert into product_catalog (name, price) values ('Asteraceae', 60);
insert into product_catalog (name, price) values ('Asteraceae', 4);
insert into product_catalog (name, price) values ('Orthotrichaceae', 34);
insert into product_catalog (name, price) values ('Polygalaceae', 62);
insert into product_catalog (name, price) values ('Myrtaceae', 72);
insert into product_catalog (name, price) values ('Fabaceae', 16);
insert into product_catalog (name, price) values ('Polemoniaceae', 82);
insert into product_catalog (name, price) values ('Fabaceae', 34);
insert into product_catalog (name, price) values ('Liliaceae', 81);
insert into product_catalog (name, price) values ('Sapotaceae', 11);
insert into product_catalog (name, price) values ('Asclepiadaceae', 45);
insert into product_catalog (name, price) values ('Orchidaceae', 64);
insert into product_catalog (name, price) values ('Grossulariaceae', 73);
insert into product_catalog (name, price) values ('Callicostaceae', 8);
insert into product_catalog (name, price) values ('Chenopodiaceae', 72);

insert into product_quantity (quantity, catalog_id) values (506, 1);
insert into product_quantity (quantity, catalog_id) values (72, 2);
insert into product_quantity (quantity, catalog_id) values (937, 3);
insert into product_quantity (quantity, catalog_id) values (393, 4);
insert into product_quantity (quantity, catalog_id) values (454, 5);
insert into product_quantity (quantity, catalog_id) values (882, 6);
insert into product_quantity (quantity, catalog_id) values (337, 7);
insert into product_quantity (quantity, catalog_id) values (940, 8);
insert into product_quantity (quantity, catalog_id) values (437, 9);
insert into product_quantity (quantity, catalog_id) values (481, 10);
insert into product_quantity (quantity, catalog_id) values (769, 11);
insert into product_quantity (quantity, catalog_id) values (339, 12);
insert into product_quantity (quantity, catalog_id) values (787, 13);
insert into product_quantity (quantity, catalog_id) values (502, 14);
insert into product_quantity (quantity, catalog_id) values (436, 15);
insert into product_quantity (quantity, catalog_id) values (151, 16);
insert into product_quantity (quantity, catalog_id) values (814, 17);
insert into product_quantity (quantity, catalog_id) values (68, 18);
insert into product_quantity (quantity, catalog_id) values (874, 19);
insert into product_quantity (quantity, catalog_id) values (381, 20);
insert into product_quantity (quantity, catalog_id) values (684, 21);
insert into product_quantity (quantity, catalog_id) values (754, 22);
insert into product_quantity (quantity, catalog_id) values (933, 23);
insert into product_quantity (quantity, catalog_id) values (452, 24);
insert into product_quantity (quantity, catalog_id) values (692, 25);
insert into product_quantity (quantity, catalog_id) values (139, 26);
insert into product_quantity (quantity, catalog_id) values (989, 27);
insert into product_quantity (quantity, catalog_id) values (40, 28);
insert into product_quantity (quantity, catalog_id) values (292, 29);
insert into product_quantity (quantity, catalog_id) values (132, 30);
insert into product_quantity (quantity, catalog_id) values (660, 31);
insert into product_quantity (quantity, catalog_id) values (17, 32);
insert into product_quantity (quantity, catalog_id) values (286, 33);
insert into product_quantity (quantity, catalog_id) values (945, 34);
insert into product_quantity (quantity, catalog_id) values (2, 35);
insert into product_quantity (quantity, catalog_id) values (274, 36);
insert into product_quantity (quantity, catalog_id) values (37, 37);
insert into product_quantity (quantity, catalog_id) values (65, 38);
insert into product_quantity (quantity, catalog_id) values (225, 39);
insert into product_quantity (quantity, catalog_id) values (27, 40);
insert into product_quantity (quantity, catalog_id) values (908, 41);
insert into product_quantity (quantity, catalog_id) values (152, 42);
insert into product_quantity (quantity, catalog_id) values (966, 43);
insert into product_quantity (quantity, catalog_id) values (593, 44);
insert into product_quantity (quantity, catalog_id) values (136, 45);
insert into product_quantity (quantity, catalog_id) values (557, 46);
insert into product_quantity (quantity, catalog_id) values (736, 47);
insert into product_quantity (quantity, catalog_id) values (182, 48);
insert into product_quantity (quantity, catalog_id) values (565, 49);
insert into product_quantity (quantity, catalog_id) values (575, 50);
insert into product_quantity (quantity, catalog_id) values (15, 51);
insert into product_quantity (quantity, catalog_id) values (187, 52);
insert into product_quantity (quantity, catalog_id) values (845, 53);
insert into product_quantity (quantity, catalog_id) values (488, 54);
insert into product_quantity (quantity, catalog_id) values (437, 55);
insert into product_quantity (quantity, catalog_id) values (878, 56);
insert into product_quantity (quantity, catalog_id) values (588, 57);
insert into product_quantity (quantity, catalog_id) values (178, 58);
insert into product_quantity (quantity, catalog_id) values (371, 59);
insert into product_quantity (quantity, catalog_id) values (895, 60);
insert into product_quantity (quantity, catalog_id) values (142, 61);
insert into product_quantity (quantity, catalog_id) values (583, 62);
insert into product_quantity (quantity, catalog_id) values (508, 63);
insert into product_quantity (quantity, catalog_id) values (38, 64);
insert into product_quantity (quantity, catalog_id) values (740, 65);
insert into product_quantity (quantity, catalog_id) values (261, 66);
insert into product_quantity (quantity, catalog_id) values (416, 67);
insert into product_quantity (quantity, catalog_id) values (762, 68);
insert into product_quantity (quantity, catalog_id) values (886, 69);
insert into product_quantity (quantity, catalog_id) values (953, 70);
insert into product_quantity (quantity, catalog_id) values (93, 71);
insert into product_quantity (quantity, catalog_id) values (772, 72);
insert into product_quantity (quantity, catalog_id) values (909, 73);
insert into product_quantity (quantity, catalog_id) values (65, 74);
insert into product_quantity (quantity, catalog_id) values (228, 75);
insert into product_quantity (quantity, catalog_id) values (217, 76);
insert into product_quantity (quantity, catalog_id) values (212, 77);
insert into product_quantity (quantity, catalog_id) values (143, 78);
insert into product_quantity (quantity, catalog_id) values (72, 79);
insert into product_quantity (quantity, catalog_id) values (784, 80);
insert into product_quantity (quantity, catalog_id) values (667, 81);
insert into product_quantity (quantity, catalog_id) values (931, 82);
insert into product_quantity (quantity, catalog_id) values (316, 82);
insert into product_quantity (quantity, catalog_id) values (800, 84);
insert into product_quantity (quantity, catalog_id) values (135, 85);
insert into product_quantity (quantity, catalog_id) values (438, 86);
insert into product_quantity (quantity, catalog_id) values (517, 87);
insert into product_quantity (quantity, catalog_id) values (476, 88);
insert into product_quantity (quantity, catalog_id) values (637, 89);
insert into product_quantity (quantity, catalog_id) values (334, 90);
insert into product_quantity (quantity, catalog_id) values (694, 91);
insert into product_quantity (quantity, catalog_id) values (92, 92);
insert into product_quantity (quantity, catalog_id) values (242, 93);
insert into product_quantity (quantity, catalog_id) values (402, 94);
insert into product_quantity (quantity, catalog_id) values (440, 95);
insert into product_quantity (quantity, catalog_id) values (759, 96);
insert into product_quantity (quantity, catalog_id) values (295, 97);
insert into product_quantity (quantity, catalog_id) values (143, 98);
insert into product_quantity (quantity, catalog_id) values (514, 99);
insert into product_quantity (quantity, catalog_id) values (97, 100);

insert into product_catalog_category (catalog_id, category_id) values (1, 2);
insert into product_catalog_category (catalog_id, category_id) values (2, 3);
insert into product_catalog_category (catalog_id, category_id) values (3, 1);
insert into product_catalog_category (catalog_id, category_id) values (4, 3);
insert into product_catalog_category (catalog_id, category_id) values (5, 2);
insert into product_catalog_category (catalog_id, category_id) values (6, 1);
insert into product_catalog_category (catalog_id, category_id) values (7, 3);
insert into product_catalog_category (catalog_id, category_id) values (8, 1);
insert into product_catalog_category (catalog_id, category_id) values (9, 1);
insert into product_catalog_category (catalog_id, category_id) values (10, 2);
insert into product_catalog_category (catalog_id, category_id) values (11, 1);
insert into product_catalog_category (catalog_id, category_id) values (12, 3);
insert into product_catalog_category (catalog_id, category_id) values (13, 1);
insert into product_catalog_category (catalog_id, category_id) values (14, 2);
insert into product_catalog_category (catalog_id, category_id) values (15, 1);
insert into product_catalog_category (catalog_id, category_id) values (16, 1);
insert into product_catalog_category (catalog_id, category_id) values (17, 1);
insert into product_catalog_category (catalog_id, category_id) values (18, 1);
insert into product_catalog_category (catalog_id, category_id) values (19, 2);
insert into product_catalog_category (catalog_id, category_id) values (20, 2);
insert into product_catalog_category (catalog_id, category_id) values (21, 2);
insert into product_catalog_category (catalog_id, category_id) values (22, 1);
insert into product_catalog_category (catalog_id, category_id) values (23, 1);
insert into product_catalog_category (catalog_id, category_id) values (24, 1);
insert into product_catalog_category (catalog_id, category_id) values (25, 1);
insert into product_catalog_category (catalog_id, category_id) values (26, 1);
insert into product_catalog_category (catalog_id, category_id) values (27, 2);
insert into product_catalog_category (catalog_id, category_id) values (28, 1);
insert into product_catalog_category (catalog_id, category_id) values (29, 2);
insert into product_catalog_category (catalog_id, category_id) values (30, 1);
insert into product_catalog_category (catalog_id, category_id) values (31, 2);
insert into product_catalog_category (catalog_id, category_id) values (32, 2);
insert into product_catalog_category (catalog_id, category_id) values (33, 3);
insert into product_catalog_category (catalog_id, category_id) values (34, 1);
insert into product_catalog_category (catalog_id, category_id) values (35, 3);
insert into product_catalog_category (catalog_id, category_id) values (36, 1);
insert into product_catalog_category (catalog_id, category_id) values (37, 3);
insert into product_catalog_category (catalog_id, category_id) values (38, 1);
insert into product_catalog_category (catalog_id, category_id) values (39, 3);
insert into product_catalog_category (catalog_id, category_id) values (40, 1);
insert into product_catalog_category (catalog_id, category_id) values (41, 1);
insert into product_catalog_category (catalog_id, category_id) values (42, 3);
insert into product_catalog_category (catalog_id, category_id) values (43, 2);
insert into product_catalog_category (catalog_id, category_id) values (44, 3);
insert into product_catalog_category (catalog_id, category_id) values (45, 1);
insert into product_catalog_category (catalog_id, category_id) values (46, 2);
insert into product_catalog_category (catalog_id, category_id) values (47, 3);
insert into product_catalog_category (catalog_id, category_id) values (48, 1);
insert into product_catalog_category (catalog_id, category_id) values (49, 3);
insert into product_catalog_category (catalog_id, category_id) values (50, 3);
insert into product_catalog_category (catalog_id, category_id) values (51, 2);
insert into product_catalog_category (catalog_id, category_id) values (52, 1);
insert into product_catalog_category (catalog_id, category_id) values (53, 2);
insert into product_catalog_category (catalog_id, category_id) values (54, 2);
insert into product_catalog_category (catalog_id, category_id) values (55, 3);
insert into product_catalog_category (catalog_id, category_id) values (56, 1);
insert into product_catalog_category (catalog_id, category_id) values (57, 2);
insert into product_catalog_category (catalog_id, category_id) values (58, 2);
insert into product_catalog_category (catalog_id, category_id) values (59, 2);
insert into product_catalog_category (catalog_id, category_id) values (60, 3);
insert into product_catalog_category (catalog_id, category_id) values (61, 3);
insert into product_catalog_category (catalog_id, category_id) values (62, 1);
insert into product_catalog_category (catalog_id, category_id) values (63, 2);
insert into product_catalog_category (catalog_id, category_id) values (64, 3);
insert into product_catalog_category (catalog_id, category_id) values (65, 1);
insert into product_catalog_category (catalog_id, category_id) values (66, 3);
insert into product_catalog_category (catalog_id, category_id) values (67, 2);
insert into product_catalog_category (catalog_id, category_id) values (68, 3);
insert into product_catalog_category (catalog_id, category_id) values (69, 2);
insert into product_catalog_category (catalog_id, category_id) values (70, 1);
insert into product_catalog_category (catalog_id, category_id) values (71, 1);
insert into product_catalog_category (catalog_id, category_id) values (72, 2);
insert into product_catalog_category (catalog_id, category_id) values (73, 1);
insert into product_catalog_category (catalog_id, category_id) values (74, 3);
insert into product_catalog_category (catalog_id, category_id) values (75, 2);
insert into product_catalog_category (catalog_id, category_id) values (76, 1);
insert into product_catalog_category (catalog_id, category_id) values (77, 1);
insert into product_catalog_category (catalog_id, category_id) values (78, 3);
insert into product_catalog_category (catalog_id, category_id) values (79, 2);
insert into product_catalog_category (catalog_id, category_id) values (80, 2);
insert into product_catalog_category (catalog_id, category_id) values (81, 3);
insert into product_catalog_category (catalog_id, category_id) values (82, 2);
insert into product_catalog_category (catalog_id, category_id) values (83, 1);
insert into product_catalog_category (catalog_id, category_id) values (84, 2);
insert into product_catalog_category (catalog_id, category_id) values (85, 3);
insert into product_catalog_category (catalog_id, category_id) values (86, 2);
insert into product_catalog_category (catalog_id, category_id) values (87, 1);
insert into product_catalog_category (catalog_id, category_id) values (88, 2);
insert into product_catalog_category (catalog_id, category_id) values (89, 3);
insert into product_catalog_category (catalog_id, category_id) values (90, 3);
insert into product_catalog_category (catalog_id, category_id) values (91, 3);
insert into product_catalog_category (catalog_id, category_id) values (92, 3);
insert into product_catalog_category (catalog_id, category_id) values (93, 3);
insert into product_catalog_category (catalog_id, category_id) values (94, 1);
insert into product_catalog_category (catalog_id, category_id) values (95, 3);
insert into product_catalog_category (catalog_id, category_id) values (96, 2);
insert into product_catalog_category (catalog_id, category_id) values (97, 2);
insert into product_catalog_category (catalog_id, category_id) values (98, 3);
insert into product_catalog_category (catalog_id, category_id) values (99, 1);
insert into product_catalog_category (catalog_id, category_id) values (100, 3);


